dataset_index,title,cluster_id,title_length,cluster_label
0,How to Wash Your Hands the Right Way,3,36,School & Friendship
1,Brushing My Teeth Before Bed,12,28,Animals & Food
2,Tying My Shoelaces by Myself,10,28,Animals & Family
3,Combing and Styling My Hair,12,27,Animals & Food
4,Taking a Bath Safely,12,20,Animals & Food
5,Folding Laundry with a Grown-Up,3,31,School & Friendship
6,Wiping the Table After Meals,3,28,School & Friendship
7,Cleaning Up My Toys,3,19,School & Friendship
8,Watering House Plants,12,21,Animals & Food
9,Feeding My Pet the Right Amount,9,31,Animals & Family
10,Sorting Garbage for Recycling,8,29,School & Friendship
11,Using a Napkin While Eating,12,27,Animals & Food
12,Setting the Table for Dinner,9,28,Animals & Family
13,Making My Bed Each Morning,4,26,Animals & Family
14,Wiping My Mouth After Eating,12,28,Animals & Food
15,Dressing Properly for Cold Weather,12,34,Animals & Food
16,Checking the Weather Before Going Out,4,37,Animals & Family
17,Keeping My Books in Order,8,25,School & Friendship
18,Using Scissors Safely,10,21,Animals & Family
19,Washing My Face in the Morning,12,30,Animals & Food
20,Putting On My Socks the Easy Way,10,32,Animals & Family
21,Taking a Shower Without Splashing Everywhere,12,44,Animals & Food
22,Trimming My Fingernails,12,23,Animals & Food
23,How to Tie a Ponytail,10,21,Animals & Family
24,Buttoning and Zipping Clothes,10,29,Animals & Family
25,Loading the Dishwasher with Help,3,32,School & Friendship
26,Sweeping the Floor Carefully,3,28,School & Friendship
27,Packing My School Bag Neatly,8,28,School & Friendship
28,Wrapping a Gift for Someone,10,27,Animals & Family
29,Placing My Toys Back on the Shelf,10,33,Animals & Family
30,Taking Care of a Small Scratch,10,30,Animals & Family
31,Hanging Up My Jacket,4,20,Animals & Family
32,Flossing My Teeth Gently,12,24,Animals & Food
33,Washing Fruit Before Eating It,12,30,Animals & Food
34,Using a Tissue to Blow My Nose,12,30,Animals & Food
35,Sharing Toys with My Siblings,10,29,Animals & Family
36,Pouring a Drink Without Spilling,9,32,Animals & Family
37,Putting On and Taking Off a Face Mask,12,37,Animals & Food
38,Cleaning Hair from the Bathroom Floor,3,37,School & Friendship
39,Sorting My Clothes by Color,8,27,School & Friendship
40,Storing Leftover Food in the Fridge,9,35,Animals & Family
41,Wiping the Kitchen Counter After Cooking,3,40,School & Friendship
42,Polishing My Shoes,3,18,School & Friendship
43,Brushing My Pet’s Fur,12,21,Animals & Food
44,Locking Doors Before Leaving Home,4,33,Animals & Family
45,Folding a T-Shirt Nicely,10,24,Animals & Family
46,Using a Step Stool Safely,4,25,Animals & Family
47,Washing Dishes by Hand,3,22,School & Friendship
48,Checking If My Shoes Are on the Correct Feet,4,44,Animals & Family
49,Drying My Hands with a Towel,3,28,School & Friendship
50,Washing Fruit Properly to Remove Germs,3,38,School & Friendship
51,Charging My Gadget Safely,10,25,Animals & Family
52,Tucking in My Shirt,4,19,Animals & Family
53,Organizing Clean Clothes in the Closet,3,38,School & Friendship
54,Writing a Short Thank-You Note,5,30,Animals & Family
55,Drawing a Simple Daily Schedule,8,31,School & Friendship
56,Carrying Small Items Carefully,10,30,Animals & Family
57,Putting Toys into Boxes or Bins,10,31,Animals & Family
58,Drawing a Bath at the Right Temperature,12,39,Animals & Food
59,Keeping My Bedroom Tidy Every Day,3,33,School & Friendship
60,Folding a Paper Airplane,10,24,Animals & Family
61,Keeping My Toothbrush Clean,12,27,Animals & Food
62,Preparing My School Supplies for Class,8,38,School & Friendship
63,Sweeping Leaves Off the Porch,3,29,School & Friendship
64,Cleaning Windows with a Cloth,3,29,School & Friendship
65,Watering a Small Garden or Flower Pot,9,37,Animals & Family
66,Picking Up Litter in the Yard,4,29,Animals & Family
67,Making a Simple Snack by Myself,9,31,Animals & Family
68,Arranging My Books by Size,8,26,School & Friendship
69,Pouring My Own Cereal for Breakfast,9,35,Animals & Family
70,Plugging and Unplugging Electronics Carefully,10,45,Animals & Family
71,Storing Art Supplies in a Box,8,29,School & Friendship
72,Filling Ice Cube Trays,9,22,Animals & Family
73,Wiping My Shoes on a Doormat,3,28,School & Friendship
74,Using a Disinfectant Wipe Correctly,3,35,School & Friendship
75,Cutting Herbs with Kid-Safe Scissors,10,36,Animals & Family
76,Tying a Simple Knot for Crafts,10,30,Animals & Family
77,Using a Broom and Dustpan,3,25,School & Friendship
78,Closing and Locking Windows,10,27,Animals & Family
79,Rolling Up My Sleeves for Washing,3,33,School & Friendship
80,Checking the Milk’s Expiration Date,12,35,Animals & Food
81,Rolling Dough for Simple Cookies,10,32,Animals & Family
82,Cleaning Up Spills to Avoid Slips,3,33,School & Friendship
83,Labeling My School Supplies,8,27,School & Friendship
84,Marking My Name on My Backpack,8,30,School & Friendship
85,Turning On a Flashlight Safely,4,30,Animals & Family
86,Cleaning the Bathroom Sink,3,26,School & Friendship
87,Keeping Hair Out of My Face While Eating,12,40,Animals & Food
88,Turning Off the Faucet Tightly,12,30,Animals & Food
89,Changing the Toilet Paper Roll,10,30,Animals & Family
90,Holding a Pencil the Right Way,10,30,Animals & Family
91,Cutting Paper in a Straight Line,10,32,Animals & Family
92,Washing Vegetables for a Salad,3,30,School & Friendship
93,Sealing Leftovers in a Container,9,32,Animals & Family
94,Handling Small Tools with Grown-Up Supervision,10,46,Animals & Family
95,Folding a Towel Neatly,3,22,School & Friendship
96,Listening for the Timer When Cooking,9,36,Animals & Family
97,Using a Stapler Carefully,10,25,Animals & Family
98,Looking for Things That Might Make Me Trip,6,42,Animals & Family
99,Rinsing the Sink After Brushing My Teeth,12,40,Animals & Food
100,Keeping My Glasses Clean,3,24,School & Friendship
101,Eating with a Fork and Spoon the Right Way,9,42,Animals & Family
102,Mopping Up a Minor Water Spill,3,30,School & Friendship
103,Tasting Food Before Adding Extra Salt,9,37,Animals & Family
104,Using a Safety Pin with an Adult’s Help,10,39,Animals & Family
105,Double-Checking My Shoelaces Before Leaving,4,43,Animals & Family
106,Hanging Up Wet Towels,3,21,School & Friendship
107,Putting Dirty Laundry in a Hamper,3,33,School & Friendship
108,Feeding a Goldfish the Correct Amount,9,37,Animals & Family
109,Turning Off Lights to Save Energy,4,33,Animals & Family
110,Dabbing Stains on My Clothes,3,28,School & Friendship
111,Using a Bib for a Younger Sibling,10,33,Animals & Family
112,Opening and Closing Car Doors Safely,10,36,Animals & Family
113,Buckling My Seat Belt,4,21,Animals & Family
114,Using a Reusable Water Bottle,10,29,Animals & Family
115,Gently Wiping a Computer Screen,3,31,School & Friendship
116,Bringing My Own Utensils for Lunch,9,34,Animals & Family
117,Unpacking and Sorting Groceries,8,31,School & Friendship
118,Making a Bedtime Checklist,8,26,School & Friendship
119,Checking the Mailbox for Letters,4,32,Animals & Family
120,Washing My Toys Once in a While,3,31,School & Friendship
121,Cleaning the Table After Arts and Crafts,3,40,School & Friendship
122,Keeping My Desk Ready for Homework,8,34,School & Friendship
123,Covering My Mouth When I Sneeze,12,31,Animals & Food
124,Sealing a Plastic Bag by Myself,10,31,Animals & Family
125,What Is a Chair and Why Do We Use It?,0,37,Animals & School
126,Why Do We Sleep in a Bed?,7,25,Animals & School
127,Exploring What Windows Do,0,25,Animals & School
128,Understanding What Doors Are For,0,32,Animals & School
129,What Is a Table and How Do We Use It?,0,37,Animals & School
130,Why Do We Wear Shoes?,7,21,Animals & School
131,What Is a Backpack?,0,19,Animals & School
132,Why Do People Use Umbrellas?,7,28,Animals & School
133,What Is a Couch?,0,16,Animals & School
134,The Purpose of a Pillow,7,23,Animals & School
135,What Is a Bicycle?,0,18,Animals & School
136,Why Do We Have Gardens?,7,23,Animals & School
137,What Is a Light Bulb?,0,21,Animals & School
138,Discovering the Idea of a Stove,9,31,Animals & Family
139,Why Do We Need a Refrigerator?,7,30,Animals & School
140,What Is a Television?,0,21,Animals & School
141,How a Remote Control Helps Us,5,29,Animals & Family
142,Why Houses Have Walls,7,21,Animals & School
143,What Are Stairs For?,0,20,Animals & School
144,The Difference Between a Spoon and Fork,9,39,Animals & Family
145,Understanding What a Towel Is,3,29,School & Friendship
146,Why Do We Use Soap?,7,19,Animals & School
147,What Is a Bathtub?,0,18,Animals & School
148,The Purpose of a Mirror,7,23,Animals & School
149,What Is a Closet?,0,17,Animals & School
150,Why Do We Hang Curtains?,7,24,Animals & School
151,What Is a Carpet?,0,17,Animals & School
152,Why Doors Need Locks,7,20,Animals & School
153,What Is a Window Screen?,0,24,Animals & School
154,What Is a Trash Can For?,0,24,Animals & School
155,Why We Need a Water Bottle,7,26,Animals & School
156,Understanding the Idea of Keys,0,30,Animals & School
157,What Is a Fence?,0,16,Animals & School
158,Why Do Some Clothes Have Zippers?,7,33,Animals & School
159,What Is a Belt?,0,15,Animals & School
160,Exploring Why Raincoats Are Useful,7,34,Animals & School
161,Why We Use Toothpaste,12,21,Animals & Food
162,What Is a School Desk For?,0,26,Animals & School
163,Why We Read Books,7,17,Animals & School
164,What Is a Lunchbox?,0,19,Animals & School
165,Understanding What Crayons Are,0,30,Animals & School
166,Why We Sharpen Pencils,7,22,Animals & School
167,What Is an Eraser?,0,18,Animals & School
168,What Is Glue and When Do We Use It?,7,35,Animals & School
169,Discovering the Purpose of a Scarf,10,34,Animals & Family
170,Why Chairs Sometimes Have Cushions,7,34,Animals & School
171,What Is an Alarm Clock?,0,23,Animals & School
172,Understanding a Mobile Phone,0,28,Animals & School
173,What Is a Computer Mouse?,0,25,Animals & School
174,Why a Keyboard Helps Us Type,7,28,Animals & School
175,What Are Headphones Used For?,0,29,Animals & School
176,Why We Need a Charger,7,21,Animals & School
177,What Is a Camera?,0,17,Animals & School
178,Why Do We Use a Calendar?,7,25,Animals & School
179,Understanding Dates and Why They Matter,11,39,Family & School
180,What Is a Drawer For?,0,21,Animals & School
181,Why We Put Letters in Envelopes,7,31,Animals & School
182,What Is a Stamp?,0,16,Animals & School
183,Why We Have Libraries,7,21,Animals & School
184,How Books Are Arranged on Shelves,8,33,School & Friendship
185,What Is a Bookmark?,0,19,Animals & School
186,Why We Need Pens,7,16,Animals & School
187,Why Paper Comes in Different Sizes,7,34,Animals & School
188,Understanding the Ceiling Above Us,11,34,Family & School
189,What Is a Floor?,0,16,Animals & School
190,Why Do We Wear Socks?,7,21,Animals & School
191,The Role of a Coat,7,18,Animals & School
192,What Are Gloves For?,7,20,Animals & School
193,What Is a Basket and Why Use It?,0,32,Animals & School
194,Why We Have Mops,7,16,Animals & School
195,Exploring What Candles Do,10,25,Animals & Family
196,What Is a Vacuum Cleaner?,0,25,Animals & School
197,Why We Use Washing Machines,3,27,School & Friendship
198,What Is a Clothes Dryer?,3,24,School & Friendship
199,Understanding a Kitchen Counter,0,31,Animals & School
200,Why Do People Follow Recipes?,9,29,Animals & Family
201,What Is a Sink and How It Helps,0,31,Animals & School
202,Why Some Kids Ride a School Bus,7,31,Animals & School
203,What Are Street Signs For?,0,26,Animals & School
204,Why Schools Have Playgrounds,7,28,Animals & School
205,What Is a Park?,0,15,Animals & School
206,Why Sidewalks Keep Us Safe,7,26,Animals & School
207,Understanding a Stoplight,0,25,Animals & School
208,What Is a Hospital?,0,19,Animals & School
209,Why Do People Go to Clinics?,7,28,Animals & School
210,What Is a Post Office?,0,22,Animals & School
211,Why Do We Use Money?,7,20,Animals & School
212,What Is a Piggy Bank?,0,21,Animals & School
213,Exploring the Idea of a Store,0,29,Animals & School
214,Why Some Stores Are Called Supermarkets,0,39,Animals & School
215,What Is a Receipt?,0,18,Animals & School
216,Why Coins and Bills Are Different,7,33,Animals & School
217,What Is a Credit Card?,0,22,Animals & School
218,Why Do We Have Banks?,7,21,Animals & School
219,What Are Savings For?,0,21,Animals & School
220,What Is a Pet and Why We Have Them,0,34,Animals & School
221,Understanding the Idea of a Dog,0,31,Animals & School
222,What Is a Cat?,0,14,Animals & School
223,Why People Keep Fish in Tanks,7,29,Animals & School
224,What Is a Birdcage?,0,19,Animals & School
225,Who Is a Veterinarian?,0,22,Animals & School
226,Why Schools Have Lunch Breaks,7,29,Animals & School
227,What Is Recess at School?,2,25,Family & School
228,Exploring What a Classroom Is,2,29,Family & School
229,Why We Have Homework,7,20,Animals & School
230,What Are School Uniforms?,7,25,Animals & School
231,Who Is the Principal?,2,21,Family & School
232,Why Teachers Help Us Learn,7,26,Animals & School
233,What Is a Chalkboard?,0,21,Animals & School
234,What Is a Dictionary Used For?,0,30,Animals & School
235,Why Schools Have a Bell,7,23,Animals & School
236,What Is a Playground Slide?,0,27,Animals & School
237,Understanding the Gym at School,14,31,Animals & Family
238,What Is a Cafeteria?,0,20,Animals & School
239,Why Do Some Kids Have Lockers?,7,30,Animals & School
240,What Is a Hallway?,0,18,Animals & School
241,Why We Play Games at Recess,7,27,Animals & School
242,What Is a Friend?,0,17,Animals & School
243,Why Our Families Are Important,7,30,Animals & School
244,Understanding Respect,11,21,Family & School
245,What Does Sharing Mean?,11,23,Family & School
246,Why We Celebrate Birthdays,7,26,Animals & School
247,What Is the Idea of a Holiday?,0,30,Animals & School
248,Why Do We Have Seasons?,7,23,Animals & School
249,Understanding What a Weekend Is,6,31,Animals & Family
250,Attending My First Virtual Class,2,32,Family & School
251,Learning to Face Math Test Anxiety,1,34,Animals & School
252,Making a New Friend from Another Country Online,13,47,School & Adventure
253,Exploring a Digital Art Museum Tour,6,35,Animals & Family
254,Helping Serve Meals at a Community Kitchen,9,42,Animals & Family
255,Adopting a Stray Animal,6,23,Animals & Family
256,Touring a Solar Power Farm,6,26,Animals & Family
257,Experiencing an Online Music Concert,13,36,School & Adventure
258,Visiting a Tech Expo with My Parents,2,36,Family & School
259,Reporting a Cyberbully to a Teacher,13,35,School & Adventure
260,Staying Calm During a Severe Weather Warning,1,44,Animals & School
261,Trying a Student Exchange Program,2,33,Family & School
262,Attending a Coding Club for Beginners,14,37,Animals & Family
263,Going to a School Debate,2,24,Family & School
264,Witnessing a Friend Experience Homesickness,5,43,Animals & Family
265,Exploring a Space Camp for Kids,6,31,Animals & Family
266,Understanding Online Fundraising,13,32,School & Adventure
267,Joining a Community Litter Patrol,6,33,Animals & Family
268,Creating an Eco-Friendly Garden at School,2,41,Family & School
269,Participating in a Virtual Book Club,2,36,Family & School
270,First Time Doing Home Quarantine,4,32,Animals & Family
271,Visiting a Police Station for Safety Lessons,14,44,Animals & Family
272,Experiencing the Day Without Gadgets,4,36,Animals & Family
273,Attending a Homeschool Group Event,2,34,Family & School
274,Checking Out an E-Sports Tournament,14,35,Animals & Family
275,Going to a Language Exchange Café,2,33,Family & School
276,Meeting a Friend with a Different Religion,5,42,Animals & Family
277,Bringing Supplies to a Flooded Region,6,37,Animals & Family
278,Helping My Neighbor with Tech Problems,10,38,Animals & Family
279,Visiting a Food Bank Donation Drive,9,35,Animals & Family
280,Hosting an Online Talent Show,13,29,School & Adventure
281,Learning About Local Government on a Field Trip,6,47,Animals & Family
282,Understanding a Family Member’s Disability,5,42,Animals & Family
283,Meeting a Sign Language Interpreter,2,35,Family & School
284,Exploring a Virtual Museum Overseas,6,35,Animals & Family
285,Learning to Cook a Dish from Another Country,9,44,Animals & Family
286,Having a Sleepover in a Different Culture,2,41,Family & School
287,Experiencing a Virtual Reality Game Competition,14,47,Animals & Family
288,First Time at a Farmers’ Market Abroad,6,38,Animals & Family
289,Visiting an Elderly Pen Pal at a Nursing Home,5,45,Animals & Family
290,Attending a Friendsgiving Celebration,2,37,Family & School
291,Creating a School Recycling Drive,8,33,School & Friendship
292,Trying a Walkathon for a Global Cause,4,37,Animals & Family
293,Hosting a Video Call with Distant Relatives,13,43,School & Adventure
294,Exploring Environmental Problems in My Town,6,43,Animals & Family
295,Visiting a Monument That Honors History,6,39,Animals & Family
296,Staying Resilient During a City Lockdown,4,40,Animals & Family
297,Working with an Online Study Buddy,13,34,School & Adventure
298,Joining an International Kids’ Conference,2,41,Family & School
299,Facing My Fear of Shots at the Clinic,4,37,Animals & Family
300,Meeting People from Different Cultures at Camp,6,46,Animals & Family
301,Donating Clothes for Winter Relief,10,34,Animals & Family
302,Finding Courage to Speak at a School Assembly,2,45,Family & School
303,Observing a Special Holiday in Another Country,6,46,Animals & Family
304,Dealing with Homesickness at Boarding School,2,44,Family & School
305,Attending a Health Checkup Alone,4,32,Animals & Family
306,Joining a Local Youth Council,2,29,Family & School
307,Finding a Safe Space Online,13,27,School & Adventure
308,Learning to Bake and Sell Goods for Charity,9,43,Animals & Family
309,Observing a Protest Peacefully,4,30,Animals & Family
310,Participating in a Global Reading Challenge,8,43,School & Friendship
311,Exploring an Online Language App,13,32,School & Adventure
312,Attending a Neighborhood Disaster Drill,6,39,Animals & Family
313,Using Public Wi-Fi Safely,13,25,School & Adventure
314,Raising Funds for an Orphanage,5,30,Animals & Family
315,Visiting a Virtual Career Fair,6,30,Animals & Family
316,Spending a Weekend Helping an Elderly Neighbor,5,46,Animals & Family
317,Teaching My Grandparents to Use Smartphones,10,43,Animals & Family
318,Coping with Rainy Day Blues Indoors,4,35,Animals & Family
319,Visiting a Different Ethnic Neighborhood,6,40,Animals & Family
320,Volunteering as a Playground Buddy,14,34,Animals & Family
321,Meeting a Buddy from a Refugee Family,5,37,Animals & Family
322,Going on a History Tour in My Town,6,34,Animals & Family
323,Cheering Up a Friend Who Lost a Pet,5,35,Animals & Family
324,Practicing for a Local Talent Competition,14,41,Animals & Family
325,Handling Lost Luggage While Traveling,10,37,Animals & Family
326,Organizing a Yard Sale for Community Aid,5,40,Animals & Family
327,Spending a Holiday with a Host Family Abroad,6,44,Animals & Family
328,Walking Home Alone for the First Time,4,37,Animals & Family
329,Learning to Use the Subway in a Big City,14,40,Animals & Family
330,Exploring a Virtual Safari,6,26,Animals & Family
331,Understanding School Lockdown Drills,14,36,Animals & Family
332,Hosting a Digital Gaming Night with Friends,13,43,School & Adventure
333,Helping a Relative in the Hospital,5,34,Animals & Family
334,How to Safely Download Apps,13,27,School & Adventure
335,Spotting Fake News Online,13,25,School & Adventure
336,Securing My Social Media Accounts,13,33,School & Adventure
337,Creating a Strong Password,10,26,Animals & Family
338,Basics of Cyber Etiquette,13,25,School & Adventure
339,Building Healthy Screen Time Habits,4,35,Animals & Family
340,Comparing News Sources for Truth,13,32,School & Adventure
341,Planning a Basic Emergency Kit,10,30,Animals & Family
342,Practicing Earthquake Safety at Home,14,36,Animals & Family
343,How to Evacuate During a Fire,4,29,Animals & Family
344,Asking for Help from a Stranger Safely,5,38,Animals & Family
345,Resolving Problems in a Group Chat,1,34,Animals & School
346,Keeping My Personal Data Private,13,32,School & Adventure
347,Deciding Which Websites to Trust,13,32,School & Adventure
348,Approaching an Adult When I Feel Unsafe,4,39,Animals & Family
349,Simple Steps to Write a Creative Story,2,38,Family & School
350,Building a Basic Robot Project,10,30,Animals & Family
351,Debugging a Simple Computer Code,10,32,Animals & Family
352,How to Brainstorm New Ideas,8,27,School & Friendship
353,Planning a School Club Meeting,2,30,Family & School
354,Polite Ways to Decline an Invitation,1,36,Animals & School
355,How to Conserve Energy at Home,4,30,Animals & Family
356,Staying Calm If I Lose Internet Connection,1,42,Animals & School
357,Making a Mind Map for Critical Thinking,11,39,Family & School
358,Cooking a Healthy Snack Independently,9,37,Animals & Family
359,How to Safely Seek Help in Public,5,33,Animals & Family
360,Handling Conflict Over Text Messages,1,36,Animals & School
361,Ways to Organize Information for a Project,8,42,School & Friendship
362,Offering Constructive Feedback,1,30,Animals & School
363,How to Manage My Time Online,13,28,School & Adventure
364,Speaking Confidently on Video Calls,1,35,Animals & School
365,Running a Simple Experiment at Home,10,35,Animals & Family
366,Keeping a Positive Attitude When Gaming,1,39,Animals & School
367,Solving Simple Tech Issues on My Own,10,36,Animals & Family
368,Evaluating a Website’s Credibility,13,34,School & Adventure
369,Giving a Mini Presentation at School,2,36,Family & School
370,Handling Anxiety During a Test,1,30,Animals & School
371,Designing a Fun Science Model,2,29,Family & School
372,How to Approach a School Counselor,2,34,Family & School
373,Explaining My Side in an Argument Calmly,1,40,Animals & School
374,Creating a Family Evacuation Plan,4,33,Animals & Family
375,Getting Adults’ Help When I’m Bullied Online,13,44,School & Adventure
376,Finding Safe Apps for Learning,14,30,Animals & Family
377,Protecting My Eyes from Too Much Screen Time,4,44,Animals & Family
378,Ways to Practice Empathy Online,13,31,School & Adventure
379,Using Online Forums Respectfully,13,32,School & Adventure
380,Building a Simple DIY Invention,10,31,Animals & Family
381,How to Fact-Check a Video,13,25,School & Adventure
382,Finding Reliable Health Information,13,35,School & Adventure
383,Managing My Emotions During a Crisis,1,36,Animals & School
384,Refusing Peer Pressure with Confidence,1,38,Animals & School
385,Sharing Digital Devices Fairly,13,30,School & Adventure
386,Reacting Properly to a Stranger’s Request Online,13,48,School & Adventure
387,Writing a Persuasive Mini-Essay,2,31,Family & School
388,Telling Real Emergencies from Minor Problems,1,44,Animals & School
389,Supporting a Friend with Anxiety,5,32,Animals & Family
390,Picking Out Credible Books for a Report,8,39,School & Friendship
391,Making a Backup of Important Files,8,34,School & Friendship
392,Speaking Assertively but Kindly,1,31,Animals & School
393,Solving Minor Tech Glitches at School,10,37,Animals & Family
394,Staying Organized in a Group Project,8,36,School & Friendship
395,Brainstorming Eco-Friendly Solutions,8,36,School & Friendship
396,Learning Basic Sign Language Online,14,35,Animals & Family
397,Reading Digital Articles with Caution,13,37,School & Adventure
398,Preparing a Home Fire Escape Drill,10,34,Animals & Family
399,Creating a Scrapbook of My Creative Ideas,8,41,School & Friendship
400,Finding Ways to Stay Calm in a Crowd,1,36,Animals & School
401,Developing My Own Study Checklist,8,33,School & Friendship
402,Improving My Online Writing Skills,13,34,School & Adventure
403,Handling Fear During a Thunderstorm,1,35,Animals & School
404,Packing an Emergency Go-Bag,10,27,Animals & Family
405,Asking for Clarification When Unsure,1,36,Animals & School
406,Encouraging Team Members to Share Ideas,5,39,Animals & Family
407,Setting Realistic Goals for a Project,11,37,Family & School
408,Debugging Simple Coding Errors,10,30,Animals & Family
409,Identifying Safe Online Communities,13,35,School & Adventure
410,Learning Basic First Aid for Small Injuries,14,43,Animals & Family
411,Handling a Bike Accident Safely,10,31,Animals & Family
412,Exploring the Basics of 3D Printing,10,35,Animals & Family
413,Making a Poster to Raise Awareness,2,34,Family & School
414,Choosing Proper Sources for My Homework,8,39,School & Friendship
415,Coping with Cyberbullying as a Friend,13,37,School & Adventure
416,How to De-escalate an Argument at School,1,40,Animals & School
417,What Is Fairness and Why Does It Matter?,11,40,Family & School
418,Why Some People Need Extra Help,5,31,Animals & Family
419,What Is Online Kindness?,13,24,School & Adventure
420,Why Cultural Festivals Are Important,2,36,Family & School
421,Understanding Digital Responsibility,13,36,School & Adventure
422,What Is Social Justice?,11,23,Family & School
423,Why We Should Help Stray Animals,5,32,Animals & Family
424,Learning to Accept Different Family Structures,11,46,Family & School
425,What Does It Mean to Include Everyone?,11,38,Family & School
426,Why People Protest Peacefully,7,29,Animals & School
427,What Is Gender Equality?,11,24,Family & School
428,Understanding Poverty Around Us,5,31,Animals & Family
429,What Is Religious Tolerance?,11,28,Family & School
430,Why Every Culture Is Unique,11,27,Family & School
431,Exploring Online Friendships,13,28,School & Adventure
432,What Is a Global Citizen?,11,25,Family & School
433,Why Some People Face More Challenges,11,36,Family & School
434,What Does It Mean to Value All Abilities?,11,41,Family & School
435,Understanding the Idea of Carbon Footprint,11,42,Family & School
436,What Is Digital Footprint?,0,26,Animals & School
437,Why Do We Need Fact-Checking?,7,29,Animals & School
438,Learning the Meaning of Philanthropy,5,36,Animals & Family
439,What Is Sustainable Living?,11,27,Family & School
440,Why Words Can Hurt Others,1,25,Animals & School
441,Understanding the Concept of Ethical Choices,11,44,Family & School
442,What Is Social Equality?,11,24,Family & School
443,Why We Should Avoid Gossiping,1,29,Animals & School
444,The Power of Apologizing Sincerely,1,34,Animals & School
445,How Cyberbullying Affects People,13,32,School & Adventure
446,What Is Climate Change Responsibility?,11,38,Family & School
447,Why Some Kids Have to Work Harder,7,33,Animals & School
448,Understanding Different Types of Families,11,41,Family & School
449,What Is a Role Model Online?,13,28,School & Adventure
450,Why Gratitude Helps Us Grow,5,27,Animals & Family
451,What Does Compassion Look Like in Real Life?,5,44,Animals & Family
452,Understanding People from Many Backgrounds,11,42,Family & School
453,What Is Online Reputation?,13,26,School & Adventure
454,Why Helping Others Feels Good,5,29,Animals & Family
455,What Is Emotional Boundaries?,11,29,Family & School
456,"Respecting Private Spaces, Even Online",13,38,School & Adventure
457,What Does Global Awareness Mean?,11,32,Family & School
458,Why Personal Values Guide Our Actions,11,37,Family & School
459,Understanding the Concept of Non-Violence,11,41,Family & School
460,What Is Freedom of Expression?,11,30,Family & School
461,Why Appearances Can Be Misleading,11,33,Family & School
462,Exploring the Meaning of Tolerance,11,34,Family & School
463,What Is an Open-Minded Attitude?,11,32,Family & School
464,Why Differences Make Our World Richer,11,37,Family & School
465,How Digital Spaces Connect Us,13,29,School & Adventure
466,What Is Cooperation Across Borders?,11,35,Family & School
467,Recognizing Privilege and Responsibility,11,40,Family & School
468,Why Listening to Others’ Stories Matters,11,40,Family & School
469,What Does It Mean to Judge Fairly?,11,34,Family & School
470,Understanding That Everyone Learns Differently,11,46,Family & School
471,What Is the Power of Democracy?,11,31,Family & School
472,Why Digital Compassion Is Important,13,35,School & Adventure
473,Defining Empathy in a Global Context,5,36,Animals & Family
474,What Is Inclusion for Special Needs?,5,36,Animals & Family
475,How Generosity Shapes Communities,5,33,Animals & Family
476,Why Some People Face Discrimination,11,35,Family & School
477,What Is Body Positivity and Self-Acceptance?,11,44,Family & School
478,Respecting Our Parents’ Choices,11,31,Family & School
479,Understanding That Mistakes Help Us Grow,11,40,Family & School
480,Why Laughter Helps Bring People Together,5,40,Animals & Family
481,What Is Hope During Difficult Times?,5,36,Animals & Family
482,Learning to See the Good in Everyone,11,36,Family & School
483,Why Manners Still Matter Online,13,31,School & Adventure
484,Exploring Our Differences Without Judgment,11,42,Family & School
485,What Is Freedom from Bullying?,11,30,Family & School
486,Why Telling the Truth Builds Trust,11,34,Family & School
487,How Online Movements Inspire Change,13,35,School & Adventure
488,What Is Peaceful Conflict Resolution?,11,37,Family & School
489,Respecting Different Languages at School,2,40,Family & School
490,Why Some Customs Seem Strange to Us,7,35,Animals & School
491,What Is the Purpose of a Refuge?,7,32,Animals & School
492,Understanding Overcoming Prejudice,11,34,Family & School
493,What Makes a Community Strong?,11,30,Family & School
494,Why Apologizing Shows Courage,1,29,Animals & School
495,Defining Friendship in the Digital Age,13,38,School & Adventure
496,What Is Self-Respect in a Busy World?,11,37,Family & School
497,Appreciating Our Cultural Roots,11,31,Family & School
498,Why Leading by Example Is Powerful,11,34,Family & School
499,How We Can All Support Equality,11,31,Family & School
500,Helping at a Wildlife Rescue Center,6,35,Animals & Family
501,Attending a Middle School Orientation,2,37,Family & School
502,Celebrating a Neighborhood Block Party,2,38,Family & School
503,Camping with Friends Under the Stars,6,36,Animals & Family
504,Exploring an Old Lighthouse,6,27,Animals & Family
505,Riding in a Hot Air Balloon,14,27,Animals & Family
506,Volunteering at a Children’s Hospital,5,37,Animals & Family
507,Day Trip to a Folk Museum,6,25,Animals & Family
508,Experiencing a Planetarium Laser Show,6,37,Animals & Family
509,Picnicking in a Summer Meadow,6,29,Animals & Family
510,Trying Street Food at a Night Market,9,36,Animals & Family
511,Visiting a Dinosaur Fossil Site,6,31,Animals & Family
512,Attending a Beach Cleanup Day,6,29,Animals & Family
513,Observing Birds at a Local Wetland,6,34,Animals & Family
514,Exploring a Historic Mansion,6,28,Animals & Family
515,Going to a Video Game Convention,2,32,Family & School
516,Taking a Ride on a Historic Train,6,33,Animals & Family
517,Visiting a Factory to See How Things Are Made,6,45,Animals & Family
518,Discovering a Cave with Glow Worms,6,34,Animals & Family
519,Cheering at a Cheerleading Competition,14,38,Animals & Family
520,Participating in a School Art Exhibit,2,37,Family & School
521,Attending a Magic Show,2,22,Family & School
522,Spending a Day in a Big City Zoo,6,32,Animals & Family
523,Decorating My Room with Family,2,30,Family & School
524,Visiting My Uncle’s Barn,6,24,Animals & Family
525,Trying a Beginner Fencing Class,14,31,Animals & Family
526,Attending a College Football Game,14,33,Animals & Family
527,Observing a Local Debate Event,2,30,Family & School
528,Exploring a Butterfly Festival,6,30,Animals & Family
529,Attending a Music Workshop at the Library,2,41,Family & School
530,Visiting a Glass-Blowing Studio,6,31,Animals & Family
531,Learning to Dance at a Workshop,14,31,Animals & Family
532,Staying in a Historic Hotel,6,27,Animals & Family
533,Vacationing at a Lakeside Cabin,6,31,Animals & Family
534,Traveling on a Ferry Boat,6,25,Animals & Family
535,Attending a Tae Kwon Do Tournament,14,34,Animals & Family
536,Joining a Coding Camp,14,21,Animals & Family
537,Visiting a City Aquarium at Night,6,33,Animals & Family
538,Helping Organize a Book Fair,8,28,School & Friendship
539,Going on a Bicycle Tour in the Countryside,6,42,Animals & Family
540,Visiting a Fruit Festival,6,25,Animals & Family
541,Watching Birds Migrate in Autumn,6,32,Animals & Family
542,Attending a Medieval Faire,2,26,Family & School
543,A Day at the Local Observatory,6,30,Animals & Family
544,Playing Laser Tag with Friends,14,30,Animals & Family
545,Trying Out an Escape Room,4,25,Animals & Family
546,Attending a Fashion Show for Kids,2,33,Family & School
547,Exploring a Redwood Forest,6,26,Animals & Family
548,Camping at the Beach in Tents,6,29,Animals & Family
549,Spending Time in a Hot Springs Resort,6,37,Animals & Family
550,Visiting a Sculpture Garden,6,27,Animals & Family
551,Riding a Historic Trolley in the City,6,37,Animals & Family
552,Helping Bake Goods for a Charity Sale,9,37,Animals & Family
553,Taking a Tour of a Greenhouse,6,29,Animals & Family
554,Visiting a Bee Farm to Learn About Honey,6,40,Animals & Family
555,Participating in a Science Experiment Fair,2,42,Family & School
556,Visiting a Film Studio Backlot,6,30,Animals & Family
557,Practicing Archery at Summer Camp,14,33,Animals & Family
558,Helping Clean Up the School Yard,3,32,School & Friendship
559,Going on a Mining Tour,6,22,Animals & Family
560,Attending a School Geography Bee,2,32,Family & School
561,Watching a Fireworks Display on a Holiday,6,41,Animals & Family
562,Playing Mini-Golf with My Family,14,32,Animals & Family
563,Exploring an Antique Car Show,6,29,Animals & Family
564,Trying a Salsa Dance Lesson,14,27,Animals & Family
565,Visiting a Seashell Museum,6,26,Animals & Family
566,Joining a Community Theater Group,2,33,Family & School
567,Taking a Ride in a Sailboat,6,27,Animals & Family
568,Going to an Outdoor Ice Rink,14,28,Animals & Family
569,Visiting a Historic Apothecary Shop,6,35,Animals & Family
570,Attending a Seasonal Lantern Festival,6,37,Animals & Family
571,A Day at a Star Wars Convention,2,31,Family & School
572,Observing a Marathon Race,14,25,Animals & Family
573,Trying Indoor Skydiving,14,23,Animals & Family
574,Visiting a Local Farmers’ Co-op,6,31,Animals & Family
575,Attending a Sketching Meetup at the Park,2,40,Family & School
576,Exploring a Desert Museum,6,25,Animals & Family
577,Sampling International Foods at a Cultural Fair,9,47,Animals & Family
578,Visiting a Science Museum’s Outer Space Exhibit,6,47,Animals & Family
579,Cheering on Friends at a Rock-Climbing Competition,14,50,Animals & Family
580,Collecting Rocks and Gems at a Special Show,6,43,Animals & Family
581,Going on a Snowshoeing Adventure,6,32,Animals & Family
582,Observing Butterflies Hatching in a Greenhouse,6,46,Animals & Family
583,Building Birdhouses for a Nature Reserve,6,40,Animals & Family
584,Writing a Personal Budget Plan,8,30,School & Friendship
585,Developing Simple Conflict-Resolution Steps,1,43,Animals & School
586,How to Sort Recyclables Correctly,8,33,School & Friendship
587,Speaking Confidently in Class Presentations,1,43,Animals & School
588,Practicing Eye Contact in Conversations,1,39,Animals & School
589,Finding Positive Ways to Release Stress,1,39,Animals & School
590,How to Plan a Weekly Menu,8,25,School & Friendship
591,Encouraging Others with Kind Words,5,34,Animals & Family
592,Organizing a Small Group Study Session,2,38,Family & School
593,Learning to Iron Clothes Safely,10,31,Animals & Family
594,Checking In on Friends’ Feelings,5,32,Animals & Family
595,How to Handle Misunderstandings Calmly,1,38,Animals & School
596,Practicing Proper Posture Every Day,14,35,Animals & Family
597,Learning to Count Change Accurately,8,35,School & Friendship
598,Writing a Friendly Letter to a Grandparent,5,42,Animals & Family
599,How to Lead a Group Project,2,27,Family & School
600,Respecting Different Opinions Online,13,36,School & Adventure
601,Preparing a Simple Soup at Home,9,31,Animals & Family
602,Using Fewer Distractions While Studying,8,39,School & Friendship
603,Setting an Alarm and Waking Up on Time,4,38,Animals & Family
604,Making and Keeping a Simple To-Do List,8,38,School & Friendship
605,Kindly Reminding Friends of Rules,1,33,Animals & School
606,Practicing Gratitude Through Journaling,5,39,Animals & Family
607,How to Politely Join a Conversation,1,35,Animals & School
608,Developing Good Sportsmanship as a Team Captain,14,47,Animals & Family
609,Caring for a Younger Sibling Safely,5,35,Animals & Family
610,How to Use a City Map for Directions,6,36,Animals & Family
611,Balancing Screen Time and Outdoor Play,14,38,Animals & Family
612,Practicing Positive Self-Talk,1,29,Animals & School
613,How to Politely End a Phone Call,1,32,Animals & School
614,Building an Emergency Contact List,10,34,Animals & Family
615,Learning to Sew a Button,10,24,Animals & Family
616,Sharing Space in a Classroom Effectively,2,40,Family & School
617,Creating a Homework Schedule,8,28,School & Friendship
618,How to RSVP to an Invitation,2,28,Family & School
619,Gently Handling Fragile Items,10,29,Animals & Family
620,Using Polite Text Messaging,1,27,Animals & School
621,Building Emotional Self-Awareness,11,33,Family & School
622,Efficiently Sorting Toys and Books,8,34,School & Friendship
623,Staying Alert in Crowded Places,4,31,Animals & Family
624,How to Set Realistic Personal Goals,11,35,Family & School
625,Managing Disappointment Productively,1,36,Animals & School
626,Standing Up for My Beliefs Respectfully,4,39,Animals & Family
627,Practicing Mindful Listening at Home,1,36,Animals & School
628,Keeping a Positive Attitude During Chores,1,41,Animals & School
629,Recognizing and Avoiding Peer Conflicts,11,39,Family & School
630,Asking Permission to Give Hugs,5,30,Animals & Family
631,How to Debate Ideas Kindly,1,26,Animals & School
632,Checking Online Sources for Accuracy,13,36,School & Adventure
633,Wrapping Gifts Neatly,10,21,Animals & Family
634,Sticking to a Bedtime Routine,4,29,Animals & Family
635,Serving Food at a Family Meal,9,29,Animals & Family
636,Practicing a New Language with Friends,2,38,Family & School
637,Handling Criticism Gracefully,1,29,Animals & School
638,Pacing Myself During a Sports Activity,14,38,Animals & Family
639,Contributing to Group Chats Respectfully,1,40,Animals & School
640,Taking a Break to Reset My Mind,4,31,Animals & Family
641,Avoiding Interrupting People,1,28,Animals & School
642,Learning Not to Judge Too Quickly,11,33,Family & School
643,Helping to Plan a Family Vacation,6,33,Animals & Family
644,Suggesting Solutions Instead of Complaints,1,42,Animals & School
645,Using Neutral Language in Disagreements,1,39,Animals & School
646,Dealing with Stage Fright,1,25,Animals & School
647,Staying Patient While Waiting for Appointments,4,46,Animals & Family
648,Preparing a Simple Picnic,9,25,Animals & Family
649,Sharing Household Tasks Fairly,9,30,Animals & Family
650,Talking to a Teacher About My Problems,1,38,Animals & School
651,Saving Money for Something Special,10,34,Animals & Family
652,Handling Broken Items Safely,10,28,Animals & Family
653,Creating a Personal Calendar to Track Events,8,44,School & Friendship
654,Accepting Help When I Need It,5,29,Animals & Family
655,Packing a Backpack for a Day Trip,8,33,School & Friendship
656,Encouraging a Friend Who’s Struggling,5,37,Animals & Family
657,"Learning to Make Quick, Healthy Snacks",9,38,Animals & Family
658,Being a Friendly Guest at Someone’s House,5,41,Animals & Family
659,How to Tackle Big Projects Step by Step,8,39,School & Friendship
660,Writing an Apology Email,1,24,Animals & School
661,Finding Positive Alternatives to Shouting,1,41,Animals & School
662,Using Social Media Thoughtfully,13,31,School & Adventure
663,Keeping My Work Space Organized,8,31,School & Friendship
664,Gently Correcting Someone’s Mistake,1,35,Animals & School
665,Offering Solutions Instead of Complaints,1,40,Animals & School
666,Speaking Calmly When I’m Upset,1,30,Animals & School
667,What Is Courage in Everyday Life?,11,33,Family & School
668,Why Do We Appreciate Small Acts of Kindness?,5,44,Animals & Family
669,What Is a Growth Mindset and Why Is It Helpful?,11,47,Family & School
670,Exploring the Meaning of Accountability,11,39,Family & School
671,What Is Empathy for Animals?,5,28,Animals & Family
672,Understanding Where Our Fears Come From,11,39,Family & School
673,All About Positive Self-Image,11,29,Family & School
674,What Is Emotional Balance?,11,26,Family & School
675,Why Does Taking Initiative Matter?,11,34,Family & School
676,How Compassion Strengthens Friendships,5,38,Animals & Family
677,What Is Meant by Social Awareness?,11,34,Family & School
678,Exploring the Idea of Respecting Boundaries,11,43,Family & School
679,Why Empathy Is Important in Groups,5,34,Animals & Family
680,How Role Models Inspire Us,11,26,Family & School
681,What Is Generosity Toward Strangers?,5,36,Animals & Family
682,Understanding the Need for Self-Reflection,11,42,Family & School
683,What Is Good Communication?,1,27,Animals & School
684,Why Celebrating Progress Boosts Confidence,11,42,Family & School
685,All About Being Open-Minded,11,27,Family & School
686,What Is Self-Motivation?,11,24,Family & School
687,Exploring the Value of Consistency,11,34,Family & School
688,What Is a Habit and How Do We Change It?,11,40,Family & School
689,Understanding the Balance Between Work and Fun,11,46,Family & School
690,How Positive Peer Influence Works,11,33,Family & School
691,What Is Emotional Health?,5,25,Animals & Family
692,Why Telling the Truth Is Powerful,11,33,Family & School
693,Discovering the Meaning of Self-Reliance,11,40,Family & School
694,What Is Humility and Why Does It Matter?,11,40,Family & School
695,How Gratitude Improves Our Outlook,5,34,Animals & Family
696,What Is a Positive Attitude?,11,28,Family & School
697,Exploring the Idea of Self-Expression,11,37,Family & School
698,Why Self-Respect Is Necessary,11,29,Family & School
699,What Is Generosity of Spirit?,5,29,Animals & Family
700,Understanding How Attitude Affects Relationships,11,48,Family & School
701,What Is Determination and How to Build It?,11,42,Family & School
702,The Importance of Admitting We Don’t Know Something,11,51,Family & School
703,What Is Curiosity in Learning?,11,30,Family & School
704,How Self-Control Helps Everyone,11,31,Family & School
705,What Is Self-Esteem and How Do We Protect It?,11,45,Family & School
706,Why Good Manners Support Friendships,5,36,Animals & Family
707,All About Reciprocity in Friendships,5,36,Animals & Family
708,How Teamwork Gets Things Done Faster,11,36,Family & School
709,What Is Accountability to Others?,11,33,Family & School
710,Understanding the Power of Encouragement,11,40,Family & School
711,Why Boundaries Build Trust,11,26,Family & School
712,What Is Sincerity and Why Is It Valuable?,11,41,Family & School
713,Recognizing When I Need Help,5,28,Animals & Family
714,All About Healthy Self-Talk,1,27,Animals & School
715,What Does It Mean to Respect Myself?,11,36,Family & School
716,How Tolerance Creates Harmony,11,29,Family & School
717,What Is Positivity in Everyday Life?,11,36,Family & School
718,Why Self-Honesty Helps Us Improve,11,33,Family & School
719,What Is a Personal Value System?,11,32,Family & School
720,Understanding How Encouragement Works,5,37,Animals & Family
721,Why Making Amends Heals Friendships,5,35,Animals & Family
722,What Is Empathy in Conflict?,11,28,Family & School
723,How Humor Relieves Stress,1,25,Animals & School
724,What Is the Purpose of an Apology?,1,34,Animals & School
725,Exploring the Concept of Grace,11,30,Family & School
726,What Is Compassion Toward Myself?,5,33,Animals & Family
727,Why It’s Important to Respect Different Ages,11,44,Family & School
728,Learning the Importance of Fair Dealing,11,39,Family & School
729,What Is the Role of Trust in Friendships?,5,41,Animals & Family
730,How Responsibility Grows with Age,11,33,Family & School
731,Why Self-Discipline Creates Freedom,11,35,Family & School
732,What Is the Difference Between Politeness and Kindness?,5,55,Animals & Family
733,Exploring the Idea of Empathy in Daily Life,5,43,Animals & Family
734,Why Do We Often Overlook Good Deeds?,11,36,Family & School
735,What Is Integrity and How to Keep It?,11,37,Family & School
736,All About Being Proud Without Boasting,11,38,Family & School
737,Understanding That Everyone Is Unique,11,37,Family & School
738,What Is a Moral Compass?,11,24,Family & School
739,Why Consistency Builds Reliability,11,34,Family & School
740,What Is the Value of Self-Acceptance?,11,37,Family & School
741,How a Quiet Mind Can Solve Problems,1,35,Animals & School
742,What Is Perseverance and When Do We Use It?,11,43,Family & School
743,Why Caring for Our World Is Important,11,37,Family & School
744,What Is Altruism?,11,17,Family & School
745,Exploring the Power of Sincere Apologies,1,40,Animals & School
746,What Is the Meaning of Empathy in Families?,5,43,Animals & Family
747,Understanding Sensitivity to Others’ Feelings,11,45,Family & School
748,Why Should We Celebrate Differences?,11,36,Family & School
749,What Is a Role Model and How Do We Choose One?,11,46,Family & School
750,Being a Helper in Class,5,23,Animals & Family
751,Washing Hands at School,3,23,School & Friendship
752,Sharing Toys with Friends,10,25,Animals & Family
753,Quiet Voices in the Library,1,27,Animals & School
754,Taking Turns on the Slide,4,25,Animals & Family
755,Listening During Circle Time,4,28,Animals & Family
756,Lining Up for Lunch,9,19,Animals & Family
757,Brushing Teeth After Meals,12,26,Animals & Food
758,Wearing a Seatbelt,4,18,Animals & Family
759,Playing Gently with Pets,10,24,Animals & Family
760,Asking for Help Nicely,5,22,Animals & Family
761,Using Friendly Words,1,20,Animals & School
762,Preparing for Bed,4,17,Animals & Family
763,Waiting Patiently for My Turn,4,29,Animals & Family
764,Greeting Friends at School,2,26,Family & School
765,Using the Bathroom Safely,4,25,Animals & Family
766,Moving Carefully in the Hallway,4,31,Animals & Family
767,Sitting Criss-Cross on the Rug,4,30,Animals & Family
768,Being Honest,11,12,Family & School
769,Trying New Foods at Mealtime,9,28,Animals & Family
770,Taking Care of My Things,4,24,Animals & Family
771,Speaking Politely During Meals,9,30,Animals & Family
772,Bringing in My Homework,8,23,School & Friendship
773,Walking with My Class on Field Trips,14,36,Animals & Family
774,Waiting for My Family at Pickup Time,4,36,Animals & Family
775,Cleaning Up After Play,3,22,School & Friendship
776,Saying Excuse Me,1,16,Animals & School
777,Taking Part in Group Work,2,25,Family & School
778,Following the Class Rules,2,25,Family & School
779,Staying Calm During Storms,1,26,Animals & School
780,Using Kind Hands,10,16,Animals & Family
781,Helping a Friend Who Is Sad,5,27,Animals & Family
782,Paying Attention to the Teacher,2,31,Family & School
783,Storing My Art Supplies,8,23,School & Friendship
784,Saying Thank You,5,16,Animals & Family
785,Walking Safely Near Roads,4,25,Animals & Family
786,Making New Friends,5,18,Animals & Family
787,Speaking Up in Class,1,20,Animals & School
788,Practicing Fire Drills,14,22,Animals & Family
789,Being Responsible with Homework Supplies,8,40,School & Friendship
790,Giving Others Personal Space,13,28,School & Adventure
791,Helping Keep the Classroom Clean,3,32,School & Friendship
792,Using My Indoor Voice,4,21,Animals & Family
793,Following a Schedule,4,20,Animals & Family
794,Asking Before Borrowing,12,23,Animals & Food
795,Staying Safe with Scissors,10,26,Animals & Family
796,Wearing Weather-Ready Clothes,4,29,Animals & Family
797,Joining in Games Outside,14,24,Animals & Family
798,Saying Goodbye at the End of the Day,4,36,Animals & Family
799,Practicing Patience During Group Cleanup,1,40,Animals & School
800,Using a Quiet Voice in Class,1,28,Animals & School
801,Washing Hands Before Eating,12,27,Animals & Food
802,Taking Turns on the Slide,4,25,Animals & Family
803,Listening at Story Time,4,23,Animals & Family
804,Sharing Crayons with Friends,10,28,Animals & Family
805,Walking Safely in the Hallway,4,29,Animals & Family
806,Asking for Help Kindly,5,22,Animals & Family
807,Using Kind Hands,10,16,Animals & Family
808,Cleaning Up After Play,3,22,School & Friendship
809,Waiting for My Turn to Speak,4,28,Animals & Family
810,Saying Thank You,5,16,Animals & Family
811,Brushing My Teeth Each Day,12,26,Animals & Food
812,Learning to Tie My Shoes,14,24,Animals & Family
813,Being Gentle with Pets,5,22,Animals & Family
814,Wearing My Seatbelt,4,19,Animals & Family
815,Raising My Hand in Class,2,24,Family & School
816,Staying Calm in a Storm,1,23,Animals & School
817,Sharing Snacks with Friends,9,27,Animals & Family
818,Using Words to Solve Problems,10,29,Animals & Family
819,Following Directions at School,2,30,Family & School
820,Playing Safely on the Playground,14,32,Animals & Family
821,Using the Bathroom Neatly,3,25,School & Friendship
822,Greeting Friends in the Morning,4,31,Animals & Family
823,Putting My Toys Away,10,20,Animals & Family
824,Sitting Still for a Short Time,4,30,Animals & Family
825,Bringing My Homework Back,8,25,School & Friendship
826,Using Good Manners at Lunch,9,27,Animals & Family
827,Saying Excuse Me,1,16,Animals & School
828,Painting Carefully,10,18,Animals & Family
829,Waiting My Turn at the Water Fountain,4,37,Animals & Family
830,Being Polite on the Bus,1,23,Animals & School
831,Asking Before Borrowing,12,23,Animals & Food
832,Staying Calm During Fire Drills,1,31,Animals & School
833,Eating Slowly at Mealtime,9,25,Animals & Family
834,Being Honest,11,12,Family & School
835,Helping a Sad Friend,5,20,Animals & Family
836,Using Scissors Safely,10,21,Animals & Family
837,Sitting at the Table to Eat,9,27,Animals & Family
838,Keeping My Desk Organized,8,25,School & Friendship
839,Wearing the Right Clothes,4,25,Animals & Family
840,Noticing When Others Speak,1,26,Animals & School
841,Playing Gently with Babies,10,26,Animals & Family
842,Keeping the Classroom Floor Clean,3,33,School & Friendship
843,Saying Sorry,1,12,Animals & School
844,Staying with My Group,4,21,Animals & Family
845,Turning Off Lights When Leaving,4,31,Animals & Family
846,Being Quiet in the Library,1,26,Animals & School
847,Using Friendly Words,1,20,Animals & School
848,Drinking Water During the Day,12,29,Animals & Food
849,Waiting for My Family at Pickup,4,31,Animals & Family
850,Visiting a Planetarium,6,22,Animals & Family
851,Exploring a Medieval Castle,6,27,Animals & Family
852,Attending a Family Reunion,2,26,Family & School
853,Our Community Cleanup Day,3,25,School & Friendship
854,Planting Trees in the Park,6,26,Animals & Family
855,Helping Out at a Homeless Shelter,5,33,Animals & Family
856,Celebrating a Cultural Festival,2,31,Family & School
857,Volunteering at the School Fundraiser,2,37,Family & School
858,Spending a Weekend at Aunt’s Farmhouse,6,38,Animals & Family
859,Going Ice Skating for the First Time,14,36,Animals & Family
860,Attending a Local Art Fair,2,26,Family & School
861,Day Trip to the Mountains,6,25,Animals & Family
862,Learning Archery at Summer Camp,14,31,Animals & Family
863,A Sleepover at My Cousin’s House,4,32,Animals & Family
864,Trying Out for the School Play,14,30,Animals & Family
865,Celebrating a Big Holiday with Family,6,37,Animals & Family
866,A Weekend at the Ski Resort,6,27,Animals & Family
867,Visiting a Butterfly Sanctuary,6,30,Animals & Family
868,Going to the Circus,4,19,Animals & Family
869,Attending a Robotics Competition,14,32,Animals & Family
870,Exploring a Ghost Town,6,22,Animals & Family
871,A Day at the Science Center,2,27,Family & School
872,Visiting a Historical Battlefield,6,33,Animals & Family
873,My Experience in a School Talent Show,2,37,Family & School
874,Helping My Neighbor with Groceries,9,34,Animals & Family
875,Going to a Farmer’s Market,6,26,Animals & Family
876,Exploring Tidal Pools by the Shore,6,34,Animals & Family
877,Learning How to Fish at the Lake,14,32,Animals & Family
878,Watching a Soccer Match Live,14,28,Animals & Family
879,Building a Treehouse with Dad,6,29,Animals & Family
880,Visiting a Horse Ranch,6,22,Animals & Family
881,Picking Fruit at an Orchard,9,27,Animals & Family
882,Attending a Summer Music Festival,2,33,Family & School
883,Making Crafts at a Community Workshop,2,37,Family & School
884,Spending a Day at a Water Park,6,30,Animals & Family
885,Going to a Dog Show,4,19,Animals & Family
886,Overnight Trip with My Scout Troop,6,34,Animals & Family
887,Attending a Comic Book Convention,2,33,Family & School
888,A Day Exploring the City,6,24,Animals & Family
889,Vacation at a Mountain Cabin,6,28,Animals & Family
890,Flying a Kite on the Hill,14,25,Animals & Family
891,Trying Indoor Rock Climbing,14,27,Animals & Family
892,Painting a Mural at School,2,26,Family & School
893,Family Road Trip Across the State,6,33,Animals & Family
894,Attending a Nature Photography Workshop,6,39,Animals & Family
895,Taking Care of Grandma’s Garden,6,31,Animals & Family
896,Visiting a Lighthouse by the Sea,6,32,Animals & Family
897,A Day Helping at the Animal Sanctuary,6,37,Animals & Family
898,Volunteering at a Soup Kitchen,9,30,Animals & Family
899,Attending a School Science Fair,2,31,Family & School
900,Feeding Our Dog,9,15,Animals & Family
901,Saying Hello,1,12,Animals & School
902,Putting On My Shoes,4,19,Animals & Family
903,Brushing My Hair,12,16,Animals & Food
904,Saying Please,1,13,Animals & School
905,Building with Blocks,10,20,Animals & Family
906,Washing My Face,12,15,Animals & Food
907,Learning to Zip My Jacket,10,25,Animals & Family
908,Sharing Toys,10,12,Animals & Family
909,Looking Both Ways,4,17,Animals & Family
910,Sitting on a Chair,4,18,Animals & Family
911,Feeding a Fish,9,14,Animals & Family
912,Saying Thank You,5,16,Animals & Family
913,Cleaning Up My Toys,3,19,School & Friendship
914,Trying a New Food,9,17,Animals & Family
915,Using Gentle Hands,10,18,Animals & Family
916,Saying Sorry,1,12,Animals & School
917,Wearing a Hat,4,13,Animals & Family
918,Drinking from a Cup,9,19,Animals & Family
919,Learning Animal Sounds,14,22,Animals & Family
920,Putting On My Shirt,4,19,Animals & Family
921,Using an Indoor Voice,4,21,Animals & Family
922,Saying Goodbye,1,14,Animals & School
923,Drinking with a Straw,12,21,Animals & Food
924,Helping Water Plants,5,20,Animals & Family
925,Watching a Bird in a Tree,6,25,Animals & Family
926,Waiting My Turn,4,15,Animals & Family
927,Putting Away Crayons,10,20,Animals & Family
928,Using a Tissue,10,14,Animals & Family
929,Finding My Bedtime Teddy,4,24,Animals & Family
930,Picking Up Books,8,16,School & Friendship
931,Being Kind to Bugs,5,18,Animals & Family
932,Learning Colors,14,15,Animals & Family
933,Holding a Cup with Two Hands,9,28,Animals & Family
934,Talking to a Friend,1,19,Animals & School
935,Going to the Bathroom,4,21,Animals & Family
936,Feeding the Birds Outside,9,25,Animals & Family
937,Holding Hands While Crossing,10,28,Animals & Family
938,Putting on Socks,10,16,Animals & Family
939,Brushing My Teeth,12,17,Animals & Food
940,Playing with Stuffed Animals,10,28,Animals & Family
941,Learning Shapes,14,15,Animals & Family
942,Walking in the House,4,20,Animals & Family
943,Trying Buttons on My Shirt,10,26,Animals & Family
944,Holding a Crayon Correctly,10,26,Animals & Family
945,Washing Fruit Before Eating,12,27,Animals & Food
946,Sitting Still at Story Time,4,27,Animals & Family
947,Knocking on a Door,4,18,Animals & Family
948,Not Touching Hot Things,10,23,Animals & Family
949,Turning Off the TV,4,18,Animals & Family
950,Helping Plan a Surprise Party,2,29,Family & School
951,Experiencing a Solar Eclipse,6,28,Animals & Family
952,Exploring a Cave with My Family,6,31,Animals & Family
953,Staying Overnight at the Hospital to Visit Someone,4,50,Animals & Family
954,Hosting a Garage Sale,6,21,Animals & Family
955,Exploring a Big City’s Subway System,6,36,Animals & Family
956,Going to a County Fair,6,22,Animals & Family
957,Visiting a Wind Farm,6,20,Animals & Family
958,Exploring a Coral Reef Exhibit,6,30,Animals & Family
959,A Day at the Go-Kart Track,14,26,Animals & Family
960,Attending a Shakespeare in the Park Event,2,41,Family & School
961,Discovering Local History on a Walking Tour,6,43,Animals & Family
962,Going Camping in the Desert,6,27,Animals & Family
963,Trying Out Paddleboarding,14,25,Animals & Family
964,Watching a Meteor Shower Late at Night,4,38,Animals & Family
965,Taking a Pottery Class,2,22,Family & School
966,Learning About Astronomy at a Star Party,2,40,Family & School
967,Visiting a Chocolate Factory,6,28,Animals & Family
968,A Trip to the Antique Market,6,28,Animals & Family
969,Entering a Sandcastle-Building Contest,14,38,Animals & Family
970,Attending a Sibling’s Graduation Ceremony,2,41,Family & School
971,Observing Wildlife on a Safari Ride,6,35,Animals & Family
972,Celebrating a Traditional Harvest Festival,6,42,Animals & Family
973,A Day with Local Firefighters,6,29,Animals & Family
974,Learning to Surf at the Beach,14,29,Animals & Family
975,Helping With a Neighborhood Bake Sale,9,37,Animals & Family
976,Participating in a School Exchange Program,2,42,Family & School
977,Exploring a Volcano Exhibit,6,27,Animals & Family
978,Going on a Whale Watching Trip,6,30,Animals & Family
979,Taking Part in a Holiday Parade,6,31,Animals & Family
980,Visiting a Friend in Another Country,6,36,Animals & Family
981,Hiking on a Forest Trail,6,24,Animals & Family
982,Celebrating a Community Cultural Night,2,38,Family & School
983,Touring a Television Studio,6,27,Animals & Family
984,Practicing Good Sportsmanship,14,29,Animals & Family
985,How to Speak Clearly in Front of Others,1,39,Animals & School
986,Mastering Basic First Aid,5,25,Animals & Family
987,How to Manage My Time After School,8,34,School & Friendship
988,Learning to Cook a Simple Meal,9,30,Animals & Family
989,Effectively Using a Planner,8,27,School & Friendship
990,Building Healthy Study Habits,8,29,School & Friendship
991,How to Organize My Backpack,8,27,School & Friendship
992,Developing Active Listening Skills,1,34,Animals & School
993,Learning to Read Maps,8,21,School & Friendship
994,How to Be a Good Team Player,14,28,Animals & Family
995,Respecting Classroom Rules,2,26,Family & School
996,How to Give a Compliment,1,24,Animals & School
997,Politely Disagreeing with Someone,1,33,Animals & School
998,Speaking Up for Myself,1,22,Animals & School
999,Using Public Transportation Safely,4,34,Animals & Family
